data_id,agrimetrics_id,Agrimetrics Geometry,Agreed Earth Geometry
Blacksmiths-1,https://data.agrimetrics.co.uk/fields/eKukN2a1D4Y2Awcyg4M-9Q,"POLYGON ((-1.6451747217527515 52.46082578916334, -1.6450597797526576 52.460881971163396, -1.6449050297525551 52.460908477163414, -1.6448220577524628 52.46099538916349, -1.6447432147523513 52.4611271231636, -1.6446741247522485 52.4612539001637, -1.6445483927521374 52.46133218616376, -1.644459164752028 52.46144654116386, -1.6443409347519298 52.4615068681639, -1.6442140427517458 52.46172899016409, -1.6441912057516863 52.46182331716415, -1.6440580397515658 52.46191056916423, -1.6438648417513388 52.46214148116442, -1.6438598667511422 52.462530285164746, -1.6441957807512908 52.462625691164845, -1.6443276457513292 52.46270025516492, -1.6444708207513923 52.462741140164944, -1.6444425727513352 52.46282196516502, -1.6445135997513323 52.4629120791651, -1.644615414751316 52.46306296716522, -1.6447434217513417 52.46315999416531, -1.6448585957513637 52.46325136416539, -1.6450147937514106 52.463339967165474, -1.6450557207513796 52.463447488165556, -1.6455911257516915 52.46344572116557, -1.6457456677517812 52.46344618416557, -1.6460325657519401 52.463460527165616, -1.6462692047521021 52.463409991165555, -1.646452577752216 52.46339435716555, -1.6471815627526647 52.46334259216552, -1.6472927037527763 52.46324852716545, -1.64724346975289 52.4629629471652, -1.647251779752954 52.462843854165094, -1.6471664877530916 52.46246601916477, -1.6471939507534432 52.46179184916421, -1.6470617337533813 52.46176111316418, -1.6468639517533235 52.461647024164094, -1.6467315277532488 52.46164213416407, -1.646599608753206 52.46157431516401, -1.6465051807531825 52.46151132816396, -1.6463792207531014 52.46152645916397, -1.646114843752983 52.4614582441639, -1.6459911767529434 52.46139382016383, -1.6459505127529637 52.46130267516377, -1.645962848753052 52.46114089116364, -1.645828296752965 52.46115873316365, -1.64578672475298 52.46107968116356, -1.6455172427528761 52.46097363916347, -1.6453413047528227 52.4608760721634, -1.6451747217527515 52.46082578916334))","POLYGON ((424045.2019855421 285102.7232420658, 424307.1738335247 285123.57409315265, 424341.7309077935 285038.1344149463, 424339.4155850157 285033.4743655574, 424231.498646585 284807.36724159017, 424125.602571226 284901.0015547064, 424046.51781609026 284902.5769368367, 424059.49610733404 284943.83230887185, 424045.2019855421 285102.7232420658))"
Near_Field-2,https://data.agrimetrics.co.uk/fields/CplvWNJDVHfbDM6uivUc8w,"POLYGON ((-1.6445957527550894 52.45544610215877, -1.6441833537548285 52.45548981415879, -1.6440761037547316 52.455559164158856, -1.6439925947546385 52.45564993715893, -1.6439954597544757 52.45597920615921, -1.6439945547544206 52.456091579159306, -1.6439202147543297 52.4561857501594, -1.643904520754261 52.4563070691595, -1.6439655877542498 52.456398951159564, -1.6439469287541788 52.456522957159684, -1.6440635097541976 52.45661961215976, -1.64422144175425 52.45669908815983, -1.6443807187542945 52.456793962159914, -1.6446840757544599 52.456815101159926, -1.6451685687546702 52.45695814716006, -1.6452895437547121 52.45701245016012, -1.6453108597546782 52.45710690916019, -1.6454901097547576 52.457155923160265, -1.6455814867547347 52.457309996160376, -1.645739037754785 52.45739137816044, -1.645860194754839 52.45742320516047, -1.6459330467548359 52.45751444716056, -1.6462742477550592 52.45746387116052, -1.6464117677551404 52.457460814160505, -1.646721240755346 52.457407798160474, -1.6472953917556914 52.45738254016046, -1.6474165737558033 52.457298000160414, -1.6475832457559132 52.45727214516039, -1.6478155917560833 52.45720204016034, -1.6479769467562577 52.45703732816019, -1.6480643617563688 52.4569173471601, -1.6481825567564659 52.45685926316005, -1.6482606207565613 52.45675835715996, -1.6483523477566562 52.4566743481599, -1.6485048037567873 52.45658714815983, -1.6486109697569309 52.456422271159695, -1.6487531287570452 52.456357515159645, -1.6487888607571155 52.45625929215956, -1.6490724847574152 52.45598537615932, -1.649217677757607 52.45577004515915, -1.6492575377577074 52.45561508515902, -1.6493195777578264 52.45544670615889, -1.6491432047577383 52.45541921315886, -1.6485690807573925 52.45544448015885, -1.6483356407572523 52.45545534515886, -1.6475976877568212 52.45546182015887, -1.6474041417566831 52.45551181215888, -1.6473330927566858 52.45542507115882, -1.6470017847565028 52.455406128158806, -1.6467153647563313 52.455418442158795, -1.6459088797558332 52.45548037915883, -1.64560445375565 52.45549536115883, -1.6451251907553748 52.45548814615882, -1.6448123607552112 52.4554531841588, -1.6445957527550894 52.45544610215877))","POLYGON ((424170.43382260646 284482.0179677282, 424222.2483733245 284434.296394971, 424270.58423694276 284397.9331327111, 424320.5296629458 284384.10185494606, 424331.45582466014 284364.7376966409, 424325.786438986 284364.41964065353, 424326.4388719093 284232.0968505184, 423906.81895119185 284221.59947737184, 424053.6069452021 284453.1794400214, 424170.4183782112 284481.9047979945, 424170.43382260646 284482.0179677282))"
Intake-3,https://data.agrimetrics.co.uk/fields/MCNJlWvN1rA8U03lZuHcyA,"POLYGON ((-1.643265265752293 52.45952163716222, -1.64355905575247 52.45950792016219, -1.6438476967526188 52.459545347162226, -1.6447489477530504 52.4597280671624, -1.6450318357531875 52.45978060816247, -1.6451572927532827 52.45973603416242, -1.6452249267534091 52.459560931162265, -1.6453573797534855 52.45956132816227, -1.6453949667535563 52.459462550162186, -1.6454363217536354 52.4593525461621, -1.6454373507537 52.459224441162, -1.645479120753803 52.459062746161855, -1.6455416827539096 52.45892336316174, -1.6456176307540316 52.458766490161615, -1.6454488577539625 52.45870754916156, -1.6452761707538768 52.45867781416153, -1.6450225247537436 52.458650084161484, -1.6447230617535833 52.45862356416147, -1.6445702577534997 52.45861501416146, -1.644376992753382 52.45862791816147, -1.6441619787532702 52.458600302161436, -1.6440617717531585 52.45870788116153, -1.6438189817530213 52.45870265616152, -1.643774251752959 52.458774442161584, -1.6436924037528553 52.45888657116167, -1.6436069477527555 52.45898969916176, -1.643506548752632 52.459120876161876, -1.6434284417525347 52.459225150161956, -1.6433577917524487 52.459317085162034, -1.643246797752346 52.4593931661621, -1.643265265752293 52.45952163716222))","POLYGON ((424214.06575556885 284762.4211569798, 424568.3548481998 284673.2117133486, 424380.8085249354 284367.5066914077, 424331.45582466014 284364.7376966409, 424320.5296629458 284384.10185494606, 424270.58423694276 284397.9331327111, 424222.2483733245 284434.296394971, 424170.43382260646 284482.0179677282, 424206.94229096215 284749.55141288927, 424214.06575556885 284762.4211569798))"
Intake-3,https://data.agrimetrics.co.uk/fields/UlYuKx209GPBj5LuJn-qMQ,"POLYGON ((-1.643265265752293 52.45952163716222, -1.6431391197522236 52.459514207162194, -1.6430181947521842 52.45945315916213, -1.6430302407522523 52.45932845916202, -1.6431744117523777 52.45924461216196, -1.643291069752493 52.45915056816189, -1.6433322907525705 52.45904032316179, -1.6434974427527447 52.458881489161655, -1.643563851752859 52.45873119616154, -1.643642970752955 52.45862908216144, -1.6436217927529984 52.458517767161354, -1.6438873997531953 52.4584309131613, -1.6441303867533466 52.45841141716127, -1.644314163753442 52.4584344441613, -1.6444884687535315 52.45845699716131, -1.6447367967536564 52.45849414816138, -1.6450565577538212 52.45853556316139, -1.6452771727539401 52.45855308016144, -1.6454539437540525 52.45853225816142, -1.6454770647541312 52.45840197216128, -1.6455001677542078 52.458273933161195, -1.6455786467543294 52.45812246216107, -1.6456568557544329 52.458004701160974, -1.6455990537544651 52.45787192516083, -1.645409363754456 52.457669082160685, -1.6452846707544089 52.45761926316062, -1.6452086377544408 52.4574662041605, -1.6450216187543711 52.45738922816042, -1.644988424754396 52.457298402160376, -1.6447911387543173 52.45722671616029, -1.6445154267541715 52.45719891916028, -1.644261734754035 52.45717792916024, -1.6441627807540011 52.457130434160185, -1.6439203987538873 52.45707576516012, -1.6437879527538117 52.45707536616016, -1.6436453407537817 52.45696705716003, -1.6434474347537154 52.45687206515996, -1.6433044977536655 52.4568042091599, -1.643017424753493 52.456816829159905, -1.6428790257533865 52.45687035215995, -1.6427952657532774 52.456991465160044, -1.6426619207531454 52.45710231416013, -1.6426168637530638 52.457214553160235, -1.642593979753 52.457314498160315, -1.642475995752917 52.457345607160356, -1.6424750497528582 52.457462475160455, -1.6423382137527354 52.45754971416052, -1.6422156577525937 52.45769093716063, -1.6421707717525231 52.45778182616071, -1.6419274497523515 52.457842896160756, -1.6417574707521987 52.45795362116083, -1.6417823057521663 52.4580469801609, -1.6417042247520706 52.45814788216099, -1.6415499197519954 52.45812044516098, -1.6415307127519347 52.45822040116106, -1.6413938637518122 52.45830876316113, -1.6413821707517533 52.45841038416121, -1.6413035937516387 52.45855122016134, -1.6411952937515408 52.45862155416138, -1.641136716751462 52.458712535161474, -1.6410148647513647 52.458766106161505, -1.6410987687513714 52.458847965161574, -1.6409698927512881 52.458867108161584, -1.6410020197512472 52.458988570161715, -1.6408364007511465 52.458994811161695, -1.6407256407510595 52.459041672161725, -1.6406695197509704 52.45915612516184, -1.640613673750898 52.45923686616189, -1.6407460157509681 52.45925075216193, -1.640863202751002 52.45931853316196, -1.6409879127510503 52.459366109162005, -1.6411311287511168 52.45940025616205, -1.6413623187512139 52.45947512416213, -1.6415938377513302 52.459509538162145, -1.641748337751418 52.45951337716217, -1.6420566027515484 52.45961207616225, -1.6421885097515898 52.45967990016229, -1.6425796407517734 52.4597687351624, -1.6428110297518967 52.45978875016241, -1.6429986137519859 52.45982731016247, -1.6431681057520993 52.45979748016242, -1.6432368797521826 52.45971003516237, -1.6432309827522265 52.45961531816228, -1.643265265752293 52.45952163716222))","POLYGON ((424214.06575556885 284762.4211569798, 424568.3548481998 284673.2117133486, 424380.8085249354 284367.5066914077, 424331.45582466014 284364.7376966409, 424320.5296629458 284384.10185494606, 424270.58423694276 284397.9331327111, 424222.2483733245 284434.296394971, 424170.43382260646 284482.0179677282, 424206.94229096215 284749.55141288927, 424214.06575556885 284762.4211569798))"
Brook_Field-4,https://data.agrimetrics.co.uk/fields/fD4t_pAnMA2HxYrCH56dwg,"POLYGON ((-1.6362293887465587 52.462857695164864, -1.6360797567464358 52.46293140316494, -1.6360342137463253 52.46309982616506, -1.6359674257462535 52.46316704616514, -1.635939787746169 52.463305857165246, -1.6360870177462121 52.46338991716533, -1.6362852697462997 52.46344446616538, -1.6364641357463723 52.46350738416544, -1.636825279746558 52.46355400416546, -1.6371011367467099 52.46356833516547, -1.637222230746761 52.46360916216552, -1.63759710574695 52.463664250165586, -1.63800013174719 52.463651998165595, -1.6381934197473078 52.46363910416558, -1.6382603887473923 52.46354940816551, -1.6383492877474792 52.46347776016544, -1.6383484267475161 52.46340138516537, -1.6384277737475974 52.46332966416531, -1.638527562747682 52.46327602816528, -1.638572434747752 52.46318851316521, -1.6386725547478571 52.46309442316513, -1.6388232307480444 52.462892607164946, -1.6386414797479627 52.46284485516491, -1.6387838997480693 52.46279764216488, -1.638972967748174 52.4628054111649, -1.6390668417483192 52.46262333816474, -1.639251739748507 52.462462392164596, -1.6393626757486042 52.46239530516455, -1.639463176748732 52.462254018164444, -1.6396336067489024 52.46211069716431, -1.639578266748951 52.46194825816418, -1.6397200857490648 52.46188396216413, -1.639841781749152 52.461850619164075, -1.6398591917492138 52.461746163164, -1.6397997737492582 52.461587533163865, -1.63960168974918 52.4615127621638, -1.6391321947489985 52.46133153116364, -1.6390074437489486 52.46128844816359, -1.6388312747488725 52.46123397116355, -1.6386441957487994 52.46116372716349, -1.638418219748692 52.46111676816343, -1.6383900237486353 52.46119891116351, -1.638190455748551 52.461135979163465, -1.6380819507485171 52.4610766041634, -1.6380129447485325 52.46096626516331, -1.6377854877484408 52.46088465916324, -1.637575856748326 52.46087278016321, -1.637431319748179 52.46099932216333, -1.6373751787480892 52.461114897163434, -1.6372418357479577 52.46122236816352, -1.6371639037478731 52.46130304016357, -1.6370304757477376 52.46142062516366, -1.6369007457476046 52.46153597416378, -1.636852228747536 52.46161898316384, -1.6368183937474723 52.4617065321639, -1.6367067907473347 52.461854525164036, -1.6365957417472294 52.4619350941641, -1.6365282917471173 52.46208322316424, -1.6364243047469988 52.46219977416432, -1.636439145746937 52.46234242716446, -1.6363269357468397 52.46240624616449, -1.6363257837467702 52.46254614916463, -1.6362357957466167 52.462749834164796, -1.6362293887465587 52.462857695164864))","POLYGON ((424753.1182318315 284802.8058194481, 424563.82096787076 284917.42718166567, 424562.5654174975 284918.2601705497, 424688.2161951507 285146.09984248696, 424764.39854214835 285146.4817822458, 424763.89279906836 285143.6637902029, 424856.96417680336 285101.9002034964, 424824.8157689193 284997.56653822, 424809.66460610676 284932.7349041911, 424749.9421254373 284839.5249590327, 424753.1182318315 284802.8058194481))"
Grain_Store-5,https://data.agrimetrics.co.uk/fields/MWKgLteG-wjcgBbsz65P7A,"POLYGON ((-1.6396701277480101 52.46394837016588, -1.639922230748182 52.463897894165825, -1.639872587748195 52.46381344016575, -1.6397268457481358 52.463761775165715, -1.6397606487481966 52.463677596165645, -1.639872576748356 52.463489146165486, -1.6399396327484446 52.46338821216539, -1.6400176187485331 52.46330079616533, -1.6401182847486715 52.46313928216518, -1.6401410767487286 52.46305169816512, -1.6402298247488065 52.46299802816506, -1.64022395974885 52.462904963164995, -1.6402207087489187 52.46276201216487, -1.6403316427490167 52.46269492416482, -1.6404313737490972 52.46264802916479, -1.6405202307491826 52.462580874164736, -1.640621387749351 52.46235867816455, -1.6406112817494027 52.462244024164434, -1.6407440717494994 52.46220397216442, -1.640733911749547 52.46209606116432, -1.640657300749543 52.46201491816425, -1.640480906749454 52.46198741216423, -1.6404079767494526 52.461906281164154, -1.640244021749344 52.46193275316417, -1.640068515749198 52.462022119164246, -1.6399942297491135 52.46210729916432, -1.639904466748972 52.462285703164476, -1.6397274827488475 52.46233033916451, -1.6397043727487712 52.46245702816459, -1.6398195617487934 52.46254503116469, -1.639824420748757 52.462625957164754, -1.639651685748669 52.46260070816473, -1.6395372547485807 52.46264531016477, -1.639348410748399 52.46279037316488, -1.6392884517482984 52.462923243165, -1.6391774047481937 52.463003815165045, -1.6390592557481012 52.463052900165096, -1.6389920687480035 52.46316956516519, -1.6390354517479826 52.46326409316527, -1.6388806897478796 52.463290591165276, -1.6388578407478194 52.46338491716538, -1.638703078747716 52.46341141516539, -1.6386632017476184 52.46356300016554, -1.6386199947475393 52.46367187216562, -1.6387223977475605 52.46374860016569, -1.6390317047477523 52.463722573165654, -1.6391188497478428 52.463641836165586, -1.6391835337479268 52.46354857316553, -1.639188395747974 52.463460092165455, -1.6392551787480465 52.46339287116539, -1.639435679748162 52.46336869816537, -1.6393860467480237 52.46358880316557, -1.639341120747951 52.46368306116563, -1.6393438097478925 52.46380443516573, -1.6395274037479755 52.46385219116581, -1.6396701277480101 52.46394837016588))","POLYGON ((424483.0487924117 285177.38256641006, 424700.2534060489 285146.16011232964, 424688.2161951507 285146.09984248696, 424562.5654174975 284918.2601705497, 424457.2419249761 284988.13868796494, 424424.4111415812 285022.4737072186, 424483.0487924117 285177.38256641006))"
Grain_Store-5,https://data.agrimetrics.co.uk/fields/Vs-IlmRrOsjJEOSeWXatag,"POLYGON ((-1.6414182717492651 52.4634601251655, -1.6414852427493498 52.46336930416541, -1.6415529247494773 52.46319083216529, -1.641691509749594 52.463117084165205, -1.6417639997496822 52.463026279165135, -1.6418909007497635 52.463008412165124, -1.6419746897498622 52.462908923165045, -1.6420414677499346 52.462841699165, -1.6420864047500086 52.46274519216489, -1.642065620750075 52.46258555716476, -1.641911591750018 52.462522161164706, -1.6416533727499407 52.46237529116458, -1.6415677257499417 52.46227389416449, -1.6413840807498559 52.462232883164454, -1.6411395787497252 52.46220966716443, -1.6411254097496322 52.462381822164566, -1.641139153749587 52.46248835616466, -1.6411160357495103 52.46261639416479, -1.641093136749447 52.46271746316484, -1.6412253807495092 52.4627448341649, -1.6412024817494453 52.46284590216496, -1.6410369037493502 52.46284540016497, -1.6408884587493 52.46277415316489, -1.640639789749137 52.46281048316493, -1.6405636067490348 52.46292705316503, -1.6405387407489749 52.4630191941651, -1.6404718507488962 52.46309990116517, -1.6403167057487702 52.46317359816523, -1.640293640748696 52.463294893165326, -1.6402006157486069 52.4633656661654, -1.6401272437485321 52.463431776165436, -1.6400600697484535 52.46350994416551, -1.640004216748381 52.46359068416556, -1.6399810397483012 52.46372546416569, -1.6401353627483775 52.46375290316571, -1.6402897967484604 52.46376685816573, -1.640499588748584 52.463760752165726, -1.640664786748657 52.46380845216578, -1.641029450748891 52.463762360165745, -1.6411732647489923 52.463724589165714, -1.6412515957491016 52.4635944711656, -1.6413294147491815 52.46352728116555, -1.6414182717492651 52.4634601251655))","POLYGON ((424483.0487924117 285177.38256641006, 424700.2534060489 285146.16011232964, 424688.2161951507 285146.09984248696, 424562.5654174975 284918.2601705497, 424457.2419249761 284988.13868796494, 424424.4111415812 285022.4737072186, 424483.0487924117 285177.38256641006))"
Drain_Field-6,https://data.agrimetrics.co.uk/fields/W7ErfmVG3G8TvUpRxG_LnA,"POLYGON ((-1.639916343749493 52.461252026163585, -1.6400833917495532 52.461325437163666, -1.640321069749712 52.461282333163616, -1.6403880397497965 52.461191513163556, -1.6405544897499462 52.46108413816348, -1.6405936877500225 52.46097492216336, -1.640633593750104 52.46085850316328, -1.6407996307502277 52.46080169616325, -1.6408223657502818 52.46072085416316, -1.6408896897503873 52.46058620816306, -1.6410009607504805 52.460527961163, -1.6410783767505601 52.460458673162954, -1.6412229107507073 52.460331003162835, -1.6413046957508066 52.46022786516276, -1.641434711750957 52.46007542816262, -1.6414905577510293 52.45999468716257, -1.6414914327510832 52.459886810162466, -1.641558535751176 52.45977913216239, -1.6414190887511177 52.45973376016234, -1.6413386557511023 52.459670586162304, -1.6412064217510396 52.45964321516227, -1.641059616750977 52.4595978201622, -1.6409198227508974 52.459595148162215, -1.6407434937508123 52.45956090116218, -1.6406054667507295 52.459567224162164, -1.6404564987506456 52.45956171516218, -1.6403355357506038 52.459505722162135, -1.6400537997504239 52.459538578162146, -1.639992157750331 52.45965301416226, -1.6398595947502475 52.45966609516224, -1.6397114347501012 52.45978701016234, -1.639595327750005 52.459847080162405, -1.6394934217499189 52.45990096916244, -1.6394927067498748 52.45998862016251, -1.639282959749752 52.45999135216252, -1.63877977174947 52.45997296216247, -1.6386280757493756 52.45998598416247, -1.6384215937492295 52.46003929316252, -1.6383106997491343 52.46010188516259, -1.6381556907490158 52.46015984616264, -1.6380703307489217 52.460249486162695, -1.637911420748788 52.460334405162776, -1.6378809907487093 52.46045567716287, -1.6378766487486662 52.46053657416292, -1.637991801748688 52.46062795116302, -1.6381073417487324 52.46067213016304, -1.6383995257488686 52.46073961616313, -1.638633965748977 52.460795105163186, -1.6388343067490592 52.46086314116321, -1.6389878477490876 52.460984975163335, -1.6391531437491669 52.46101919216339, -1.639333230749258 52.461044463163404, -1.6394394187492876 52.46110771716346, -1.6396265167493622 52.46117571216352, -1.6397589747494392 52.46117611516353, -1.639916343749493 52.461252026163585))","POLYGON ((424607.4742597076 284731.5239695146, 424611.095197864 284748.73580260854, 424670.14019368263 284853.0482824739, 424753.1182318315 284802.8058194481, 424753.5934781316 284797.3115150384, 424723.01944980136 284721.1410047831, 424607.4742597076 284731.5239695146))"
13_Acre-7,https://data.agrimetrics.co.uk/fields/WcN7YQ2y5HaN-ltrkbKZ9g,"POLYGON ((-1.6411544487502614 52.46114933816353, -1.6411267187501695 52.46130163516366, -1.640861473749996 52.4613412851637, -1.640788464749876 52.46149614216382, -1.6408588427498334 52.46166491916397, -1.641156272749968 52.46173998816403, -1.6412546867499689 52.461854909164146, -1.6413646047500037 52.461912554164186, -1.6415121377501103 52.46186917416415, -1.6416630497502012 52.461862889164145, -1.6417907287503202 52.46177225116407, -1.6418783067504108 52.461690235164, -1.6420129237504797 52.46170940916402, -1.6421834347505992 52.46166893016398, -1.6422613037506815 52.461594997163935, -1.6422244177506995 52.46151532416388, -1.6422030837507322 52.46142356116377, -1.6420826327506763 52.46139442916377, -1.6419208117505877 52.461384950163755, -1.641877314750603 52.46130390816367, -1.641695595750523 52.46125278916364, -1.6415608637504748 52.46119254116359, -1.6413642677503684 52.46117713616357, -1.6411544487502614 52.46114933816353))","POLYGON ((424457.2419249761 284988.13868796494, 424562.5654174975 284918.2601705497, 424444.5956763735 284704.37080455915, 424214.06575556885 284762.4211569798, 424300.6958091563 284918.9393127055, 424385.14109864837 284882.7552051327, 424439.93414590886 284930.8890362097, 424474.1321072761 284970.474906096, 424457.2419249761 284988.13868796494))"
13_Acre-7,https://data.agrimetrics.co.uk/fields/zuhtRvxFWPvI5IUoIq5_dA,"POLYGON ((-1.6415608637504748 52.46119254116359, -1.64154792075052 52.46108715016348, -1.641724639750629 52.461074200163495, -1.641879064750711 52.4610881521635, -1.642165909750868 52.46110700016352, -1.6422646347508871 52.46118371316358, -1.642369664750923 52.46123378616363, -1.6425404787510398 52.461198032163594, -1.6427166537511158 52.461252504163646, -1.642931243751199 52.46133406116373, -1.6430575287512317 52.46141535316381, -1.6433039947513706 52.4614228381638, -1.6434657797514576 52.46143681016383, -1.6435313007514516 52.4615246601639, -1.6437024407515068 52.46161322516398, -1.6438853057516214 52.46159730016398, -1.6440727177517982 52.461458864163866, -1.644162435751938 52.4612838281637, -1.6443070457520892 52.4611460411636, -1.6444623127522244 52.46105548416353, -1.6444850397522783 52.46097464216345, -1.644430446752283 52.460900310163396, -1.6444216337524156 52.460623840163166, -1.6446427197525633 52.460584049163145, -1.64483429775269 52.46055315916311, -1.644870597752794 52.460385828163, -1.6448069847528146 52.46027096916288, -1.64451358775266 52.46023911816283, -1.6443034727525485 52.46021893416283, -1.6434107087521121 52.46005442716265, -1.6431928467519947 52.46003691416263, -1.6429247697518146 52.46008667516267, -1.6427744037517122 52.46011723716269, -1.642615436751619 52.460119454162694, -1.6425927067515658 52.460200296162746, -1.642385458751429 52.46023506816279, -1.6425010987514228 52.46038094416291, -1.6425535857514004 52.460487859163, -1.6425602527513619 52.46057328416307, -1.6425446807512998 52.460678870163164, -1.6423730997511712 52.460739034163204, -1.6420914387509964 52.46076178216323, -1.6419112687508997 52.46074662816321, -1.6417129307508058 52.46070332616317, -1.641640492750835 52.46056151316306, -1.6415370697507499 52.46061064516308, -1.6415068327506837 52.460709444163165, -1.6413734677506029 52.460716017163165, -1.6412522457504932 52.460796326163226, -1.6412792117504706 52.46087394716333, -1.6412177627503888 52.46096478416336, -1.6411948647503265 52.46106585316346, -1.6411544487502614 52.46114933816353, -1.6413642677503684 52.46117713616357, -1.6415608637504748 52.46119254116359))","POLYGON ((424457.2419249761 284988.13868796494, 424562.5654174975 284918.2601705497, 424444.5956763735 284704.37080455915, 424214.06575556885 284762.4211569798, 424300.6958091563 284918.9393127055, 424385.14109864837 284882.7552051327, 424439.93414590886 284930.8890362097, 424474.1321072761 284970.474906096, 424457.2419249761 284988.13868796494))"
Slip-8,https://data.agrimetrics.co.uk/fields/7C9vsItstYuV0d_4ayW2FQ,"POLYGON ((-1.6414182717492651 52.4634601251655, -1.641472753749253 52.46354794316559, -1.6413685847491237 52.46368809716568, -1.6412297317489677 52.46383983216581, -1.6413264577489985 52.46389136816587, -1.6412977377489126 52.46402950316597, -1.6414243287489643 52.46407371316601, -1.641689206749114 52.46408125816604, -1.6418937957492556 52.464036365165995, -1.6420542917493741 52.46398347216597, -1.642110104749445 52.46390722516588, -1.642236085749571 52.46379972616579, -1.6422776537496624 52.46366500116569, -1.6424505837498249 52.46353838116558, -1.6425888127499688 52.463409725165484, -1.6425380627499864 52.46331517616541, -1.6426121997500625 52.46324797516534, -1.6426350407501233 52.46315364916527, -1.6426756627501902 52.463065600165194, -1.6427322717502755 52.46296065716509, -1.6428284127503598 52.46290251116506, -1.6428805617504298 52.46282400616497, -1.6429364637505053 52.46273652216493, -1.6430143867505904 52.46265584716486, -1.6431470677506808 52.46262927716483, -1.643292146750862 52.46243418116467, -1.6432820617509145 52.46231615616456, -1.6431944897509085 52.46222486816449, -1.6429510997507357 52.46229156016453, -1.6428109337506318 52.46233383916457, -1.6426997677505202 52.46243014716464, -1.6425410947504013 52.46248585516469, -1.6424907127503274 52.46257335616477, -1.64239617575023 52.46266072316483, -1.642417324750185 52.462775410164944, -1.642287867750069 52.462858177165, -1.6422111727499478 52.46301414716514, -1.6420396637498227 52.463064197165174, -1.6419068177497222 52.463110993165195, -1.6418314127496023 52.463264413165334, -1.6417010717495093 52.46329916116538, -1.6416397027494338 52.46337988616543, -1.6415727047493487 52.46347407816551, -1.6414182717492651 52.4634601251655))","POLYGON ((424457.232446288 285195.631870349, 424486.81313866377 285187.3275754443, 424424.4111415812 285022.4737072186, 424420.5437790117 285026.51831003005, 424348.6384077302 284961.4074803414, 424335.8738629943 284996.28187654255, 424435.66881705326 285197.2683721405, 424457.232446288 285195.631870349))"
Slip-8,https://data.agrimetrics.co.uk/fields/Vs-IlmRrOsjJEOSeWXatag,"POLYGON ((-1.6414182717492651 52.4634601251655, -1.6414852427493498 52.46336930416541, -1.6415529247494773 52.46319083216529, -1.641691509749594 52.463117084165205, -1.6417639997496822 52.463026279165135, -1.6418909007497635 52.463008412165124, -1.6419746897498622 52.462908923165045, -1.6420414677499346 52.462841699165, -1.6420864047500086 52.46274519216489, -1.642065620750075 52.46258555716476, -1.641911591750018 52.462522161164706, -1.6416533727499407 52.46237529116458, -1.6415677257499417 52.46227389416449, -1.6413840807498559 52.462232883164454, -1.6411395787497252 52.46220966716443, -1.6411254097496322 52.462381822164566, -1.641139153749587 52.46248835616466, -1.6411160357495103 52.46261639416479, -1.641093136749447 52.46271746316484, -1.6412253807495092 52.4627448341649, -1.6412024817494453 52.46284590216496, -1.6410369037493502 52.46284540016497, -1.6408884587493 52.46277415316489, -1.640639789749137 52.46281048316493, -1.6405636067490348 52.46292705316503, -1.6405387407489749 52.4630191941651, -1.6404718507488962 52.46309990116517, -1.6403167057487702 52.46317359816523, -1.640293640748696 52.463294893165326, -1.6402006157486069 52.4633656661654, -1.6401272437485321 52.463431776165436, -1.6400600697484535 52.46350994416551, -1.640004216748381 52.46359068416556, -1.6399810397483012 52.46372546416569, -1.6401353627483775 52.46375290316571, -1.6402897967484604 52.46376685816573, -1.640499588748584 52.463760752165726, -1.640664786748657 52.46380845216578, -1.641029450748891 52.463762360165745, -1.6411732647489923 52.463724589165714, -1.6412515957491016 52.4635944711656, -1.6413294147491815 52.46352728116555, -1.6414182717492651 52.4634601251655))","POLYGON ((424457.232446288 285195.631870349, 424486.81313866377 285187.3275754443, 424424.4111415812 285022.4737072186, 424420.5437790117 285026.51831003005, 424348.6384077302 284961.4074803414, 424335.8738629943 284996.28187654255, 424435.66881705326 285197.2683721405, 424457.232446288 285195.631870349))"
9_Acre_Parsonage-9,https://data.agrimetrics.co.uk/fields/Y1rWOcy4pY7VpQl9C1zyKQ,"POLYGON ((-1.636974473746321 52.46420511516602, -1.6369736147462683 52.464309622166134, -1.6369577877461925 52.464444424166246, -1.6369423297461394 52.46453427616632, -1.6369403747460753 52.464660131166426, -1.637036412746097 52.46472785016646, -1.637212759746182 52.4647621041665, -1.637400312746284 52.46477616316652, -1.6374990007463006 52.46485737616659, -1.637621940746329 52.46494270816665, -1.6378346407464308 52.46498651116671, -1.6379501647464747 52.46503406216675, -1.638126292746546 52.46509528316681, -1.6383522367466543 52.46513980016686, -1.6386166787467773 52.465201290166895, -1.6387435467468452 52.46521179116692, -1.6389198427469274 52.46525278416696, -1.6391519397470786 52.46521977916694, -1.6392409147471696 52.465139140166855, -1.6393737697472703 52.465092347166824, -1.639528518747372 52.465068096166824, -1.6396617217474925 52.464978601166735, -1.6398826687476311 52.464959046166726, -1.6400596237477534 52.46491912916672, -1.6401703447478377 52.46487901116668, -1.6402666207479297 52.464805135166614, -1.6405385867481235 52.464733479166576, -1.64076771574826 52.46472574716656, -1.6409064437483856 52.464635144166486, -1.6410557167484863 52.46460525516647, -1.6411888427486037 52.46452474816639, -1.641333142748735 52.464427419166306, -1.6413227337487688 52.46434984916626, -1.6411021747486545 52.464322210166216, -1.641141741748734 52.46420770716615, -1.6408529477486014 52.46413632016605, -1.6407484737485707 52.464077750166005, -1.6406636527485858 52.4639477941659, -1.6405424817485321 52.46391596116587, -1.6404719287484522 52.46399440916595, -1.6403533937483359 52.464090692166, -1.6402655767483145 52.464029742165955, -1.6397688837480304 52.46402149016594, -1.6396701277480101 52.46394837016588, -1.6394200167478723 52.46393502216587, -1.6391918437477384 52.46393882216588, -1.6386770297474602 52.463896797165795, -1.6383682737473015 52.463855399165766, -1.6380592977471304 52.463840969165744, -1.6378830077470485 52.463799975165706, -1.637461124746804 52.463800819165684, -1.6372312207466422 52.46385866216575, -1.6370346147465193 52.46387686516576, -1.6371088517465144 52.46397291016586, -1.6370122397464013 52.46408723716594, -1.636974473746321 52.46420511516602))","POLYGON ((424662.3316375455 285334.55794111325, 424727.061237823 285287.0670814919, 424783.48165101383 285252.81504452386, 424764.39854214835 285146.4817822458, 424700.2534060489 285146.16011232964, 424483.0487924117 285177.38256641006, 424486.81313866377 285187.3275754443, 424440.8946433579 285200.7810304466, 424471.60633066786 285234.0574612154, 424661.5070744928 285328.9706313816, 424662.3316375455 285334.55794111325))"
Drain_Field_2-10,https://data.agrimetrics.co.uk/fields/W7ErfmVG3G8TvUpRxG_LnA,"POLYGON ((-1.639916343749493 52.461252026163585, -1.6400833917495532 52.461325437163666, -1.640321069749712 52.461282333163616, -1.6403880397497965 52.461191513163556, -1.6405544897499462 52.46108413816348, -1.6405936877500225 52.46097492216336, -1.640633593750104 52.46085850316328, -1.6407996307502277 52.46080169616325, -1.6408223657502818 52.46072085416316, -1.6408896897503873 52.46058620816306, -1.6410009607504805 52.460527961163, -1.6410783767505601 52.460458673162954, -1.6412229107507073 52.460331003162835, -1.6413046957508066 52.46022786516276, -1.641434711750957 52.46007542816262, -1.6414905577510293 52.45999468716257, -1.6414914327510832 52.459886810162466, -1.641558535751176 52.45977913216239, -1.6414190887511177 52.45973376016234, -1.6413386557511023 52.459670586162304, -1.6412064217510396 52.45964321516227, -1.641059616750977 52.4595978201622, -1.6409198227508974 52.459595148162215, -1.6407434937508123 52.45956090116218, -1.6406054667507295 52.459567224162164, -1.6404564987506456 52.45956171516218, -1.6403355357506038 52.459505722162135, -1.6400537997504239 52.459538578162146, -1.639992157750331 52.45965301416226, -1.6398595947502475 52.45966609516224, -1.6397114347501012 52.45978701016234, -1.639595327750005 52.459847080162405, -1.6394934217499189 52.45990096916244, -1.6394927067498748 52.45998862016251, -1.639282959749752 52.45999135216252, -1.63877977174947 52.45997296216247, -1.6386280757493756 52.45998598416247, -1.6384215937492295 52.46003929316252, -1.6383106997491343 52.46010188516259, -1.6381556907490158 52.46015984616264, -1.6380703307489217 52.460249486162695, -1.637911420748788 52.460334405162776, -1.6378809907487093 52.46045567716287, -1.6378766487486662 52.46053657416292, -1.637991801748688 52.46062795116302, -1.6381073417487324 52.46067213016304, -1.6383995257488686 52.46073961616313, -1.638633965748977 52.460795105163186, -1.6388343067490592 52.46086314116321, -1.6389878477490876 52.460984975163335, -1.6391531437491669 52.46101919216339, -1.639333230749258 52.461044463163404, -1.6394394187492876 52.46110771716346, -1.6396265167493622 52.46117571216352, -1.6397589747494392 52.46117611516353, -1.639916343749493 52.461252026163585))","POLYGON ((424670.14019368263 284853.0482824739, 424611.095197864 284748.73580260854, 424607.4742597076 284731.5239695146, 424604.30049344315 284731.8092051831, 424568.3548481998 284673.2117133486, 424444.5956763735 284704.37080455915, 424562.5654174975 284918.2601705497, 424563.82096787076 284917.42718166567, 424670.14019368263 284853.0482824739))"
Barn_Field-11,https://data.agrimetrics.co.uk/fields/8_uq3zeu3ur6IBUPhNTqxg,"POLYGON ((-1.6355377647470841 52.46099700116328, -1.6354766297470928 52.46090679016322, -1.6353832577470768 52.46083008716313, -1.6354468457471762 52.460704422163026, -1.635459219747264 52.46054264016289, -1.6355187567473384 52.46046191316283, -1.6355053187474073 52.460306793162694, -1.6351301967472016 52.460285410162676, -1.6351551907471706 52.46037763516275, -1.6350299077470865 52.46039972416277, -1.6348419007469555 52.46044297116279, -1.634543764746777 52.4604555361628, -1.6344105557466548 52.46054614816287, -1.634277485746542 52.46061990516295, -1.6341776967464572 52.46067353716297, -1.634099760746372 52.46075420616305, -1.6339996357462672 52.460848292163135, -1.633800168746106 52.460942071163196, -1.6336665087459554 52.461086622163315, -1.6335768337458225 52.461251536163466, -1.6336054487457885 52.461350515163545, -1.6337408687458232 52.46143746316362, -1.6339206467458975 52.46149982516367, -1.6341851877460187 52.46156314116373, -1.6346562307463046 52.46153805816372, -1.6347886527463786 52.46154296216373, -1.6350980947465794 52.4614989661637, -1.6352892377466788 52.461522030163714, -1.6353981297468734 52.461257159163495, -1.6355377647470841 52.46099700116328))","POLYGON ((425050.0836911736 284883.2719774487, 424999.3712696987 284826.70562164346, 424903.47952367313 284744.57242300484, 424846.8131151724 284727.3939381893, 424839.01193582756 284732.922116319, 424863.96802321204 284735.9267373816, 424876.2912950443 284935.0849670286, 424940.33153762016 284939.0248193106, 424999.6229472591 284938.03084965976, 424998.9288968582 284913.98240671656, 425042.07821906725 284883.2313240572, 425050.0836911736 284883.2719774487))"
Barn_Field-12,https://data.agrimetrics.co.uk/fields/e_Wnu-x8f46Vsl4FG3LbzQ,"POLYGON ((-1.6310666647421335 52.4657477451672, -1.6313853767423083 52.46576795916722, -1.631507616742351 52.46582328616728, -1.6315732627423543 52.46589428716732, -1.632147278742683 52.46589944316735, -1.6326539177429993 52.46585514916733, -1.6329982587432323 52.465787461167274, -1.6332085377433858 52.465724059167236, -1.6333260187434373 52.46575701216726, -1.6334078877435385 52.46564713816717, -1.6335331117436178 52.46563404016716, -1.6336573837437367 52.46553938116709, -1.6337185527438123 52.46545930916702, -1.633722585743867 52.46535336716694, -1.6338088237439816 52.465223600166816, -1.633985747744102 52.46518818716681, -1.6340308917441868 52.46506920816669, -1.6342081877443286 52.46498884616662, -1.6343191367444272 52.46492176416659, -1.6343918957445296 52.46480062316649, -1.6344975477446373 52.464706554166405, -1.6345067667447537 52.464481832166214, -1.6344113367447555 52.46436871116611, -1.6343915387448398 52.46417693916595, -1.6343921807448782 52.464099402165886, -1.6344041127449385 52.46399155816578, -1.6344166027450324 52.46381629116564, -1.634368630745107 52.46361049616547, -1.6342310557450255 52.463613982165484, -1.6340802767449707 52.463550046165416, -1.633937309744916 52.463493731165336, -1.633732964744799 52.463492097165364, -1.633519849744689 52.46346290716532, -1.633389075744606 52.463480482165345, -1.633354365744534 52.463583760165434, -1.6332036227444096 52.46365746116548, -1.63319388674436 52.46374644816557, -1.632937627744192 52.463784745165576, -1.6328146817440672 52.46389257916568, -1.6327592137439815 52.46399995216576, -1.6327585407439418 52.464080860165836, -1.6325809087437788 52.464201674165935, -1.6319839097433801 52.464307700166, -1.631811248743244 52.46438153316606, -1.6316187257431165 52.4644144451661, -1.6315170127429162 52.46469731416632, -1.6314062847428323 52.464737425166355, -1.631309749742725 52.46484050916646, -1.6312501617426491 52.46492572916652, -1.6311502467425567 52.46499284316657, -1.631072353742475 52.46506676816663, -1.6310196177423724 52.465212691166755, -1.63090130274227 52.4652797481668, -1.630847908742128 52.46550433216698, -1.6308913887421124 52.46558537816707, -1.630927209742075 52.465702360167164, -1.6310666647421335 52.4657477451672))","POLYGON ((425155.5490753507 285109.05247095, 425054.5485119483 285136.6854581906, 425030.57406338054 285116.8555420822, 424963.52343888616 285113.70023611287, 424937.6977287549 285122.26017236715, 424940.7840402261 285189.6024302949, 424926.714281638 285251.47127698566, 425022.2956303247 285392.7280504468, 425115.0490928471 285412.90776321484, 425218.73988620477 285409.4429496486, 425218.24839976395 285407.80354316393, 425199.6359192541 285348.58382362965, 425198.1609547316 285300.71354493225, 425160.44581598334 285277.9973299877, 425164.2440878077 285207.63033906353, 425176.41051033733 285182.35334455787, 425155.5490753507 285109.05247095))"
Far_Field-13,https://data.agrimetrics.co.uk/fields/WEQ5c-9LoDa9j9zZr20-7g,"POLYGON ((-1.6268041207408919 52.46328550016503, -1.6266263897407234 52.46341664316513, -1.62678037974078 52.463482307165194, -1.6267796967407393 52.46356321516525, -1.6270436007408313 52.46368541216536, -1.6271941697408914 52.46373820816542, -1.6273971257410513 52.46365281216536, -1.627507835741135 52.463614953165326, -1.627640830741242 52.46355244116527, -1.6284592847418076 52.46336622216514, -1.6295636047424722 52.46331574316512, -1.6297533347425746 52.46333251916512, -1.629910114742648 52.463366914165185, -1.6301232177427274 52.46345504016525, -1.6302317417427663 52.463502128165274, -1.630349186742817 52.46353845416534, -1.6305626747429487 52.46352168016531, -1.6307703097430488 52.463562244165345, -1.6308633507430552 52.46365692916543, -1.6310302027431336 52.463694052165465, -1.631184149743281 52.46357701916536, -1.6311629737433222 52.46346907316529, -1.6310978117433481 52.46334076216515, -1.631021497743361 52.46322590116507, -1.6311322227434448 52.46318579116505, -1.6311331237434992 52.463077913164945, -1.6311892737435887 52.46296346516486, -1.6312233467436648 52.462848948164755, -1.6311800367436902 52.46274767616467, -1.6310312417436186 52.46272024216466, -1.6309106077435953 52.46262547016456, -1.6308507687436127 52.46252077516447, -1.630725297743546 52.46250942716446, -1.6306749147435564 52.462429202164394, -1.6304101607434143 52.46240814816438, -1.630189072743267 52.462445665164395, -1.6300781607431722 52.462508249164436, -1.6299126967430826 52.46249424716443, -1.6296800977429027 52.4625879151645, -1.6294811787427743 52.46261426316453, -1.629113304742566 52.462604121164496, -1.6290574937424662 52.46274008016463, -1.6291034917424145 52.462896266164755, -1.6292281047424575 52.462955091164794, -1.6289123347422731 52.4629586831648, -1.6287499557421932 52.462931118164775, -1.628529372742077 52.46290795116474, -1.6285742077421426 52.462827181164705, -1.6287511647422654 52.46278728116465, -1.6287076337422763 52.46271297716458, -1.6284648437421405 52.46270547216457, -1.6278560887417652 52.462752256164606, -1.6276804267416474 52.462783918164625, -1.627694083741593 52.46290982216473, -1.6275866577414877 52.46299488916478, -1.627402756741386 52.4629853201648, -1.6273800377413359 52.463061400164854, -1.6272471077412312 52.4631163101649, -1.6271041807411335 52.46314827516493, -1.6269594137410088 52.463229689165, -1.6268041207408919 52.46328550016503))","POLYGON ((425174.9464944347 285185.3949729752, 425240.2514611145 285140.44786014047, 425297.0850492839 285123.84634347097, 425374.3660920881 285143.9515700699, 425413.78637826507 285169.4936664846, 425435.87246911525 285181.367672655, 425437.81712668383 285178.06393712276, 425548.3377143736 285088.54070198454, 425447.3012830668 285006.37008239276, 425440.61148657196 284969.7346510245, 425242.74923068203 284988.4261038834, 425129.1290618783 285014.388652819, 425144.3124866331 285069.57141049666, 425176.41051033733 285182.35334455787, 425174.9464944347 285185.3949729752))"
Far_Field-13,https://data.agrimetrics.co.uk/fields/wTkMjwpqfgsXYbppHTuv5A,"POLYGON ((-1.6278560887417652 52.462752256164606, -1.6277736457417737 52.46263812316449, -1.6274724577416309 52.46257424616443, -1.627362584741598 52.46251321716439, -1.6271799377414629 52.46257332516443, -1.6269203767413036 52.46259104916442, -1.6267208727411409 52.46268650116451, -1.6265511967410182 52.46273541116456, -1.6263386747408397 52.462847116164625, -1.6262107047407055 52.46296807716473, -1.626066888740604 52.46300470716478, -1.6259447737404926 52.463085906164835, -1.6261481227405603 52.46318869716495, -1.626440518740721 52.46320479116495, -1.6265505057407614 52.463252336165, -1.6268041207408919 52.46328550016503, -1.6269594137410088 52.463229689165, -1.6271041807411335 52.46314827516493, -1.6272471077412312 52.4631163101649, -1.6273800377413359 52.463061400164854, -1.627402756741386 52.4629853201648, -1.6275866577414877 52.46299488916478, -1.627694083741593 52.46290982216473, -1.6276804267416474 52.462783918164625, -1.6278560887417652 52.462752256164606))","POLYGON ((425174.9464944347 285185.3949729752, 425240.2514611145 285140.44786014047, 425297.0850492839 285123.84634347097, 425374.3660920881 285143.9515700699, 425413.78637826507 285169.4936664846, 425435.87246911525 285181.367672655, 425437.81712668383 285178.06393712276, 425548.3377143736 285088.54070198454, 425447.3012830668 285006.37008239276, 425440.61148657196 284969.7346510245, 425242.74923068203 284988.4261038834, 425129.1290618783 285014.388652819, 425144.3124866331 285069.57141049666, 425176.41051033733 285182.35334455787, 425174.9464944347 285185.3949729752))"
Leg_Field-14,https://data.agrimetrics.co.uk/fields/uP76HWjwZzJTW-r7hxhm9A,"POLYGON ((-1.628410465548134 52.465009007374654, -1.628532695635656 52.46513300387813, -1.6286204983010957 52.46519396205262, -1.6288183527067255 52.46529572040143, -1.6289204217515534 52.465410663252044, -1.6290374368384075 52.465498682762394, -1.6293169276629529 52.46573891773442, -1.629542412647158 52.465837390111034, -1.629917748820458 52.4658385640543, -1.630141231157713 52.46573700091349, -1.6303197908725446 52.46564016053486, -1.6303955988464145 52.46546247574472, -1.630430296358262 52.46527379347814, -1.630320243417377 52.46523299473521, -1.6303760599195802 52.465159001288214, -1.630365923733638 52.46505108929737, -1.6302783447223745 52.464963163031875, -1.6300757000496247 52.46490589279626, -1.6298165118978778 52.464745959081505, -1.6297064608411513 52.46470515976743, -1.6295372204623972 52.46468483491869, -1.629301355155471 52.46462367916255, -1.6291224688726091 52.46457522371002, -1.6290458567311161 52.46449632090785, -1.6288735784813617 52.46454169430908, -1.6283835379184548 52.464491996146954, -1.6281846663291453 52.46451159926278, -1.6280077021259078 52.46455149845371, -1.6279698452950677 52.464677239908546, -1.6280057711473885 52.46478073814646, -1.6281265192018377 52.46486202777974, -1.6282474947300416 52.46491634791431, -1.628410465548134 52.465009007374654), (-1.6297261645717163 52.46498840731459, -1.6295493695121506 52.46500808177332, -1.6294315054957094 52.46491163195201, -1.629682969371207 52.46487364933255, -1.6297261645717163 52.46498840731459))","POLYGON ((425406.6557766224 285164.8734001727, 425403.4543100985 285172.2558859359, 425363.6719757267 285217.0983988445, 425284.57141395577 285216.6921866652, 425195.76254609745 285299.2689438855, 425198.1609547316 285300.71354493225, 425199.6359192541 285348.58382362965, 425218.24839976395 285407.80354316393, 425218.73988620477 285409.4429496486, 425261.23616040853 285408.0235767691, 425368.4251617937 285295.95561353106, 425435.87246911525 285181.367672655, 425413.78637826507 285169.4936664846, 425406.6557766224 285164.8734001727))"
Bungalow_Field-16,https://data.agrimetrics.co.uk/fields/cdjkLFtCfJx3AAzdNolyfA,"POLYGON ((-1.6351299047487786 52.45711372415998, -1.6349570897486398 52.45719005616004, -1.6348764297485543 52.45726734716009, -1.6348448687484642 52.457413562160234, -1.6348880247484288 52.457533712160334, -1.635174881748588 52.457548082160365, -1.6354061627486915 52.4576094771604, -1.6358029477488873 52.45767812416046, -1.6359901927489713 52.457725897160536, -1.636221808749095 52.457746837160556, -1.6366536067492978 52.45784281816063, -1.6368721217494182 52.457856714160656, -1.6370925907495275 52.4578911031607, -1.6372579297496097 52.4579185801607, -1.6376326457497925 52.457987153160786, -1.637913821749938 52.458021726160815, -1.6381285527500324 52.45808306516087, -1.6383161047501353 52.45809375216089, -1.6385703237503033 52.45805070216084, -1.638855339750551 52.45788570616072, -1.6389769557506568 52.457815955160655, -1.6390002417507437 52.457667690160555, -1.6390933207508644 52.45753312316041, -1.6391274237509446 52.45741186216033, -1.6389622517508726 52.45736416016029, -1.6384108337505805 52.45730853716022, -1.6382900327505483 52.45723400016015, -1.637940227750367 52.4571902841601, -1.6377060027502675 52.45711759116005, -1.6378829837503932 52.45707093515999, -1.6377179797503316 52.457003005159955, -1.6374862007501974 52.45700229515993, -1.6373426817501127 52.45700635115993, -1.6372551967501114 52.45690719215984, -1.6371451587500678 52.456866400159825, -1.6369797687499823 52.456845665159804, -1.6366823777498474 52.456770585159745, -1.6365279147497622 52.456763368159706, -1.6362406347496299 52.45669377915967, -1.6359772297495143 52.4566200831596, -1.6359229377494307 52.456724775159664, -1.635711452749307 52.456727146159665, -1.6356225447492188 52.456801040159725, -1.6355502747491453 52.456864871159794, -1.6354229317490467 52.456915048159814, -1.635356152748974 52.45698226815988, -1.6351299047487786 52.45711372415998))","POLYGON ((424853.7636838533 284354.57431601564, 424609.37575392035 284445.79999012855, 424660.9745721784 284553.00813630404, 424961.8759582952 284471.4137761466, 424963.50378796004 284437.9916758666, 424857.2703128651 284358.622620417, 424853.7636838533 284354.57431601564))"
Wood_Field-17,https://data.agrimetrics.co.uk/fields/9hECYVcKtaIZpulRR8TX5w,"POLYGON ((-1.63627733674894 52.45812341116086, -1.636064675748848 52.458063253160816, -1.6359213567487747 52.45804258516078, -1.635756074748696 52.45800836316077, -1.63546414174856 52.457940040160686, -1.6352968527484701 52.457926039160675, -1.6351389857484 52.45788509816063, -1.634951518748301 52.4578642921606, -1.6347534227482217 52.45779400816054, -1.6345771977481425 52.457748514160514, -1.6345321567480635 52.4578562551606, -1.634348338747855 52.458061335160764, -1.6342942377477783 52.458152192160846, -1.634179024747689 52.458196164160874, -1.6340980157475902 52.458299921160965, -1.6340194127474652 52.45846149916111, -1.6338643297473425 52.45852844516114, -1.633830378747273 52.45862947816123, -1.633741127747164 52.458743824161324, -1.633707232747098 52.45883811516141, -1.6335799377470026 52.45888154716143, -1.6334078477468426 52.45900238016155, -1.6332743047466993 52.45913344616166, -1.6331738467465748 52.45926798516177, -1.6330698947464592 52.45938003816186, -1.6329716957462495 52.45968539516211, -1.6328170547461542 52.459698401162115, -1.6327272387460119 52.45988017016228, -1.63268247074595 52.45995419916235, -1.6325714757458478 52.460028022162405, -1.6323623827456384 52.46020753116254, -1.6321869397455138 52.46025382716258, -1.6321712497454468 52.46037064816268, -1.6321480507453652 52.460505427162786, -1.6319925637452193 52.46061956616289, -1.6318923787451105 52.46072039316297, -1.6319026307450695 52.46081482016306, -1.6317411457448907 52.460986252163195, -1.6316576567448011 52.46107027416326, -1.63180976774488 52.46108879316329, -1.6320325027449902 52.46112538016332, -1.6322091687450955 52.46111918716333, -1.6324077997452069 52.46112654616332, -1.6327062767454068 52.46107353216328, -1.632817106745497 52.46101993616325, -1.6329171217455956 52.460939336163186, -1.6330061547456902 52.4608519591631, -1.6331611917458098 52.460791757163065, -1.6332506157459297 52.46065718316297, -1.63345008274609 52.46056340616285, -1.6334950187461637 52.460469150162794, -1.6336615387463167 52.4603550421627, -1.6340162607466113 52.46017409116254, -1.6341712567467293 52.460118382162506, -1.6343666867468687 52.460067294162485, -1.634492730746998 52.459953060162384, -1.634730685747173 52.45987625516232, -1.6349465637473368 52.45979938216226, -1.6351304897475414 52.45960144116209, -1.6352253487476691 52.45945637316198, -1.6354034267478603 52.45927824416181, -1.635396147747921 52.459146820161706, -1.635668167748154 52.458995523161576, -1.6357601257482766 52.45885568716146, -1.6359806547485571 52.45854845716122, -1.6359620617485897 52.458460747161155, -1.636078621748697 52.45838019516109, -1.6362467797488822 52.45820461016094, -1.63627733674894 52.45812341116086))","POLYGON ((424961.8759582952 284471.4137761466, 424660.9745721784 284553.00813630404, 424741.9367047236 284721.23585703486, 424839.01193582756 284732.922116319, 424846.8131151724 284727.3939381893, 424903.47952367313 284744.57242300484, 424999.3712696987 284826.70562164346, 425050.0836911736 284883.2719774487, 425160.7371028429 284883.835234905, 425034.89441885165 284604.46509549755, 425015.9767106344 284604.36911581707, 424961.58448439604 284477.39827078127, 424961.8759582952 284471.4137761466))"
Wood_Field-17,https://data.agrimetrics.co.uk/fields/mgws7xvLc0l9XZ5yZgRy4w,"POLYGON ((-1.6351304897475414 52.45960144116209, -1.6351568387474917 52.45973260516218, -1.635299940747551 52.459780244162246, -1.6355508837476855 52.45980124416227, -1.63573058074781 52.45976134216223, -1.6359357057479178 52.45978354916227, -1.6361499057480449 52.45977611716227, -1.6362029187481102 52.45970548316221, -1.6365259677483088 52.45968287716218, -1.636724702748426 52.459676744162174, -1.636812284748434 52.45976466616224, -1.6370111857485619 52.45973830616225, -1.6372320527486968 52.459725498162236, -1.63725479274875 52.45964465716219, -1.6373876887488537 52.459591124162124, -1.6375319537489836 52.459497171162056, -1.6375059877490268 52.45938178616195, -1.637643824749139 52.459315465161914, -1.6377219177492346 52.45921456616182, -1.6377226367492785 52.45912691516174, -1.6378996257494043 52.4590802591617, -1.637878544749452 52.45895882916161, -1.6380775537495869 52.45891898316158, -1.6381113287496476 52.4588381761615, -1.6381460437497646 52.45864274816136, -1.638168946749827 52.45854168116126, -1.6381208007498365 52.458467927161195, -1.6379934517497934 52.458406293161154, -1.6376666527496437 52.458326631161064, -1.6374214877495228 52.458284028161025, -1.6372437917494134 52.45829611816103, -1.637111785749365 52.45824177316097, -1.636891258749251 52.458214127160964, -1.6367368827491697 52.45819567316094, -1.636477929749047 52.45814318616088, -1.63627733674894 52.45812341116086, -1.6362467797488822 52.45820461016094, -1.636078621748697 52.45838019516109, -1.6359806547485571 52.45854845716122, -1.6359711537484776 52.45869676316135, -1.6358922787483934 52.4587737741614, -1.6357601257482766 52.45885568716146, -1.635668167748154 52.458995523161576, -1.6355514027479947 52.45918093316174, -1.6354034267478603 52.45927824416181, -1.6352253487476691 52.45945637316198, -1.635268886747657 52.459530675162036, -1.6351304897475414 52.45960144116209))","POLYGON ((424961.8759582952 284471.4137761466, 424660.9745721784 284553.00813630404, 424741.9367047236 284721.23585703486, 424839.01193582756 284732.922116319, 424846.8131151724 284727.3939381893, 424903.47952367313 284744.57242300484, 424999.3712696987 284826.70562164346, 425050.0836911736 284883.2719774487, 425160.7371028429 284883.835234905, 425034.89441885165 284604.46509549755, 425015.9767106344 284604.36911581707, 424961.58448439604 284477.39827078127, 424961.8759582952 284471.4137761466))"
Roy_Jordans-18,https://data.agrimetrics.co.uk/fields/7xWnZWefQlkA1ZsaOgKCKw,"POLYGON ((-1.6374763447502643 52.45685842415982, -1.6376828247503756 52.45687325515982, -1.6381599057506138 52.4569504161599, -1.6382973177506597 52.45701826115999, -1.6385343397507794 52.45705269816, -1.6387441547509074 52.45703985416001, -1.6389796007510515 52.45702412015999, -1.6388996667510576 52.456918962159904, -1.639087571751184 52.45688582315989, -1.63900070775122 52.45671025215973, -1.6389203207512066 52.45664258215967, -1.6388768347512217 52.4565615391596, -1.6388259897512327 52.45648047315952, -1.6387609807512686 52.45633193915941, -1.6385561097511754 52.45628052015935, -1.638383030751095 52.456241986159334, -1.638453271751172 52.456169179159254, -1.6380893297509784 52.456134354159225, -1.6379457957508925 52.456140658159235, -1.637902421750914 52.45604613015914, -1.6379030847509546 52.45596522215907, -1.6378599317509908 52.45584372415896, -1.6377419117509042 52.455879323158996, -1.637536911750792 52.45586633415898, -1.637333338750674 52.45586782315898, -1.6371855237505297 52.455983252159065, -1.637063287750409 52.45608401515915, -1.6370037597503346 52.456164743159235, -1.636862850750186 52.45629916115933, -1.6367299637500834 52.45635269415938, -1.6366410587499947 52.45642658915945, -1.6365080047498808 52.456500348159494, -1.6364852647498278 52.456581189159564, -1.6367332087499475 52.45662914815961, -1.637058641750077 52.45674594515972, -1.637388969750268 52.456745781159725, -1.6374763447502643 52.45685842415982))","POLYGON ((424609.37575392035 284445.79999012855, 424853.7636838533 284354.57431601564, 424766.6397581092 284253.9951675314, 424711.461481562 284281.87295407895, 424711.3627645525 284301.58060028765, 424659.7376962285 284306.95317467704, 424607.46674827766 284441.83370339853, 424609.37575392035 284445.79999012855))"
Golf_course-19,https://data.agrimetrics.co.uk/fields/haHKkpd2ES5WjX4We68uVA,"POLYGON ((-1.6480131135991194 52.46495990972, -1.648072619769175 52.46511179328545, -1.648315427159138 52.46511925734191, -1.6494080882217312 52.46514946825069, -1.6499470631545041 52.46519729754189, -1.654054886002698 52.46525079066206, -1.6542319352146446 52.46519736775118, -1.6543106343390002 52.46501554961805, -1.6544110152687905 52.464884363599836, -1.654530040156421 52.46472176681999, -1.65461169624061 52.4646321048413, -1.6546131726364917 52.46444331865891, -1.6545367436112683 52.46433521537712, -1.654393448267851 52.464307827075736, -1.6544162647711222 52.46421349843122, -1.6543283755606342 52.46415930169984, -1.6542850643680254 52.46405129494236, -1.6541528089781183 52.464023938585164, -1.6540928872685112 52.46392262574683, -1.6539671554942375 52.4637671803917, -1.6539349900105218 52.46364572103719, -1.6538250249875888 52.463591459391374, -1.653759743813453 52.463469903147, -1.6537088640860826 52.46338884410386, -1.6535293055527396 52.46329392347817, -1.6532368331706415 52.46328632464824, -1.6531434808663432 52.46322536850287, -1.6529557174543583 52.46323830327159, -1.6528121086537515 52.46325136724116, -1.6524148223088169 52.46323671642859, -1.6523041170789432 52.46327684646009, -1.6519952818044592 52.463244473930665, -1.6517856975519107 52.46322475385271, -1.6514433124886128 52.46324734510481, -1.6510973984303325 52.463250821160266, -1.650935426772971 52.46325933371955, -1.6507807786344193 52.46327236267357, -1.6505598982898624 52.46328519594639, -1.6504265666293516 52.46333157474978, -1.650272572129815 52.46332480261483, -1.6499084020811257 52.46331024120967, -1.6497648456283933 52.46331655911619, -1.649604597366112 52.46333968374507, -1.649411090102897 52.463380689720964, -1.6492561555273233 52.46342967593969, -1.6490577264366906 52.46339537528489, -1.6488442398718264 52.46340373225997, -1.6485018430107836 52.463427438719584, -1.6483434066373213 52.46345393828048, -1.6482113357644756 52.463404100752946, -1.6480634902978535 52.463486819076124, -1.6479160742739334 52.4635155983324, -1.6479298968038536 52.463628014770705, -1.647896054835309 52.46371893813854, -1.6479829948023816 52.463891130932375, -1.648051075273175 52.46410277875345, -1.6480150314961353 52.46425756973289, -1.6480342127794003 52.464390229633324, -1.6479891433609934 52.464504718452176, -1.6480710223981838 52.46461958470011, -1.6480587744586737 52.46477125495644, -1.6480131135991194 52.46495990972), (-1.6505038989032834 52.46478186981687, -1.6503493164760703 52.46478590838007, -1.6503610316634827 52.46470053775121, -1.6505267239666983 52.46468754194515, -1.6505038989032834 52.46478186981687))","POLYGON ((423580.6239771995 285342.0026339403, 424029.8518036742 285326.78430198395, 424047.40716107213 285104.5659277992, 424046.0954883968 285104.4518348686, 424020.8387825958 285094.23143694416, 423894.3498979152 285085.2026390531, 423783.1009775823 285064.4702496648, 423720.6469499538 285070.9011397225, 423636.2612168316 285077.2276826087, 423586.84543752007 285179.6467345326, 423572.9953482827 285253.6258446811, 423580.6239771995 285342.0026339403))"
17_Acre-20,https://data.agrimetrics.co.uk/fields/IL1Sdn_0WBgkik3MrSiJlQ,"POLYGON ((-1.6455936707507115 52.46542128716724, -1.6456185087506692 52.46553598416735, -1.6456617457506382 52.46565073616744, -1.6457270627506182 52.465765555167536, -1.6458807477506543 52.46587389516765, -1.6458084237505775 52.46594447516771, -1.645879125750552 52.46607616516781, -1.645855965750472 52.46621094616792, -1.6459748617504866 52.466321205168, -1.6463073667506583 52.46636400316806, -1.6464512297507627 52.466320606168026, -1.647003902751127 52.46623460216797, -1.6471476307512225 52.46620806116793, -1.6473354977513435 52.46618389816794, -1.6474901757514409 52.46616862616793, -1.6476451037515536 52.46612189016788, -1.6476034207516832 52.46581161016762, -1.6476275437518249 52.465555466167416, -1.6475631377519013 52.46532602916721, -1.6475457947521863 52.4647326351667, -1.6474585587522024 52.46459752516659, -1.6474375567522574 52.46446261216647, -1.6473941547522797 52.464368088166395, -1.6474426167525749 52.46382883116593, -1.6473450797526314 52.46360154216574, -1.6472905497526407 52.463518222165675, -1.6471248607525384 52.46353121316567, -1.6469374177524432 52.463503684165644, -1.6463630257520876 52.463549167165674, -1.645965576751854 52.46355472216567, -1.6456562757516624 52.463580767165695, -1.6454465937515443 52.46357339616568, -1.645236694751413 52.463592995165705, -1.6451043377513441 52.46357911316566, -1.644734132751104 52.46362857216571, -1.644551640750977 52.46367185016573, -1.6446167887509473 52.46380689616586, -1.6444841417508593 52.46382897316588, -1.644593046750831 52.464013596166055, -1.6447345227508734 52.46409329716612, -1.6448236517508894 52.46416487116617, -1.6448559007508552 52.46427284816628, -1.644899026750816 52.464401085166365, -1.6449201287507678 52.46452251416646, -1.6449415567507402 52.464603488166546, -1.6450740247508167 52.46460388516654, -1.6450990777507877 52.46469161316662, -1.6451595197506925 52.46495475316683, -1.6453662677507401 52.46509921316698, -1.6454305827506814 52.465292691167136, -1.6455762997507652 52.465293127167136, -1.6455936707507115 52.46542128716724))","POLYGON ((424168.312154661 285450.75762071664, 424169.81786811346 285450.7132152979, 424181.13013576146 285434.9471241522, 424307.25447999017 285127.1751842299, 424047.40716107213 285104.5659277992, 424022.66781771433 285417.7256612837, 424168.312154661 285450.75762071664))"
Glebe-21,https://data.agrimetrics.co.uk/fields/91zQs0DGbfoHWp01vMLQ-A,"POLYGON ((-1.648729382750609 52.469290723170595, -1.6487283907505468 52.469415456170694, -1.648840024750574 52.469492203170766, -1.6491583877507598 52.46948865117078, -1.6493854257509364 52.4693994241707, -1.649525482751031 52.46937286817069, -1.6496771517511215 52.46936702417068, -1.6498495067512293 52.46935135217067, -1.6499419717513124 52.46929319017064, -1.650071058751405 52.46925761217059, -1.650358103751571 52.4692584601706, -1.6503498537515107 52.46937081117069, -1.6504750477515873 52.469362191170696, -1.6506229617517176 52.46927272717064, -1.65081117775186 52.46920585717056, -1.6510210477519884 52.46919299117057, -1.6512031037520871 52.46920701217057, -1.6515728427522944 52.4692215861706, -1.6518048457524384 52.469202041170576, -1.652080690752588 52.469223080170615, -1.6522553657527148 52.469171520170576, -1.6525953647528993 52.4691989701706, -1.6528538207530554 52.46918489417061, -1.652986620753153 52.46914482817057, -1.6532297687533108 52.46911182817054, -1.6535498097534878 52.469128498170555, -1.6538034337536158 52.46916744717059, -1.6539799177537082 52.469188191170616, -1.6541536557537997 52.469207240170654, -1.6543183777538975 52.46920266417064, -1.6542988247539525 52.46906775717053, -1.6543459587540288 52.46897012817044, -1.6544018717541065 52.46887926817036, -1.6544469287541894 52.46876477617027, -1.6544916697542524 52.46869073917023, -1.6544990217543023 52.46859771417012, -1.6545152267543586 52.46850201817004, -1.6545603357544456 52.468380784169945, -1.6546058147545548 52.468212354169815, -1.654673160754665 52.46807095816968, -1.654634210754739 52.467875311169514, -1.6546758677548383 52.4677248501694, -1.6546778007549614 52.4674776301692, -1.654656564755003 52.46736968816908, -1.654735055755125 52.46721483916897, -1.654824110755224 52.46712070316889, -1.6547698087552487 52.46700592216879, -1.6547156907552858 52.466867543168675, -1.6545944377552877 52.46672472916856, -1.6546239187553904 52.4665490801684, -1.6545311037553754 52.466472567168324, -1.654472210755376 52.46640211816826, -1.6544661857554217 52.46630381516819, -1.6543897537554304 52.46619571216809, -1.6543794527554712 52.466101286168005, -1.6544612527555727 52.46599364516792, -1.654447166755604 52.46591269416786, -1.6543983607556314 52.46580130016778, -1.65437213075569 52.46565297916764, -1.654206518755605 52.46562880516761, -1.654141232755628 52.4655072491675, -1.653721583755375 52.4655262501675, -1.6535446907552562 52.46555944516753, -1.6534258687552126 52.465507854167484, -1.6531252517550161 52.46555147416751, -1.6528219377548574 52.46551687316748, -1.652617923754753 52.46548930416746, -1.6522868527545684 52.46547484716744, -1.6520879337544385 52.46550123316745, -1.651911624754357 52.46546026016742, -1.651491920754101 52.46548599516743, -1.6513597697540447 52.46544515116739, -1.6507413067536705 52.465477040167414, -1.6506575787535631 52.465594787167525, -1.6504429807534806 52.465509872167424, -1.6497918437531152 52.465485473167405, -1.6497039927530937 52.465426778167334, -1.649212479752792 52.46545903516737, -1.648600070752455 52.465423506167326, -1.6483259977522768 52.465460451167345, -1.6482404097521914 52.465533690167405, -1.6481235577520652 52.4656513371675, -1.6481297627517673 52.46625818216802, -1.6480625857516702 52.46637597616813, -1.6481934207516429 52.46658201216828, -1.6483298467516623 52.466702284168385, -1.6483570807516172 52.46682522816849, -1.6484848737516293 52.46695146816862, -1.6485651687516347 52.46703486416869, -1.6486301727515953 52.467190135168806, -1.648688192751575 52.4672981871689, -1.6487491417515097 52.467500644169064, -1.648736600751409 52.46768939716925, -1.6487841287513194 52.467923520169435, -1.6488008407512702 52.468043781169555, -1.648821165751223 52.46816162416964, -1.648621857751071 52.468235200169694, -1.6485761947509519 52.46842385516986, -1.6485088287508423 52.468565248169966, -1.6486073297508452 52.46867342017006, -1.6487013297508402 52.468792368170185, -1.648709528750737 52.46901084917036, -1.6487027207506526 52.46917265017051, -1.648729382750609 52.469290723170595))","POLYGON ((424029.8518036742 285326.78430198395, 423580.6239771995 285342.0026339403, 423580.9879347684 285346.2191263887, 423565.162024801 285480.7659655379, 423564.5590908264 285606.96831378253, 423599.30738099245 285748.4804794787, 423646.63561322 285728.5151226745, 423708.9355799992 285752.3715916257, 423796.7240866953 285737.65037507965, 423892.816931747 285749.89365605847, 423975.3083123219 285783.94723147043, 423989.39221152023 285662.8629805711, 423976.48625401186 285541.6445072669, 424020.9523159777 285417.33661596477, 424022.66781771433 285417.7256612837, 424029.8518036742 285326.78430198395))"
20_Acre-22,https://data.agrimetrics.co.uk/fields/V0zucGn9iX7yM-RCilWCRA,"POLYGON ((-1.6446385657495346 52.46667772216829, -1.6447708487496433 52.466612246168246, -1.6449476437497557 52.466592549168226, -1.6452792077499705 52.466546346168194, -1.6453721067500808 52.46643424916813, -1.6454970557502075 52.466324098167995, -1.6454365937502375 52.4661939591679, -1.6453674177502424 52.46610160416782, -1.6453387917502762 52.46600038016772, -1.6452309517503025 52.465823661167576, -1.6451240497502984 52.465705313167476, -1.6451099447503283 52.465628856167406, -1.6450611357503542 52.465520829167325, -1.6449669057503449 52.465428432167236, -1.644900202750344 52.46535313216716, -1.6448479307503583 52.46526397416712, -1.6448250397503872 52.46517947216703, -1.6447166537503557 52.46511524516696, -1.6446298597503999 52.4649261941668, -1.644586625750431 52.46481144116671, -1.6445321367504435 52.46472362516663, -1.6444228857504497 52.46458170416652, -1.6443358227504767 52.46442636416636, -1.6442814427504953 52.46432506316629, -1.64417411075052 52.464150784166115, -1.6441292877505556 52.46402793516603, -1.6440781067505896 52.46389863616593, -1.6439767547505908 52.46377800316583, -1.6438337037505364 52.463721385165776, -1.6437017637504916 52.46365581116572, -1.643569407750422 52.46364192716569, -1.6435373247504674 52.4635137231656, -1.6434290607505349 52.46325043816536, -1.6433778817505484 52.463163306165285, -1.6431871357504528 52.46313508616527, -1.6430758237503316 52.46324937416535, -1.6429758217502326 52.46332998216543, -1.6428867487501349 52.46342410916549, -1.6428711577500719 52.463531942165595, -1.6429109787500553 52.46361297316567, -1.642840343749977 52.46368643316572, -1.64261349274982 52.463738731165776, -1.6424412427496344 52.463911597165904, -1.6422467957494447 52.46406743616602, -1.642141363749349 52.464136565166065, -1.6420305377492586 52.46419017016613, -1.6418807857490787 52.46437658216627, -1.6416925487489145 52.46448581916636, -1.6414971677487358 52.46462007816649, -1.6413638787486078 52.464720812166554, -1.641471148748479 52.46510546016688, -1.6415600087485636 52.46503830416682, -1.6416746067485504 52.46520047216697, -1.6417533527483479 52.46569965616739, -1.641796744748325 52.46579418316747, -1.6418844397483392 52.46587086316754, -1.641861667748283 52.465956200167625, -1.6419047047482378 52.46609455216773, -1.642024579748213 52.46628707616791, -1.6420555667481003 52.466550128168116, -1.6422019507480226 52.466877582168415, -1.6423541827480812 52.46693760116845, -1.6424716287481298 52.46697616416851, -1.6427482187483258 52.46690283116843, -1.6428698727484106 52.46687622816842, -1.6429514107484924 52.46680455416836, -1.643113069748571 52.46683650616839, -1.6434445287487796 52.46680379216837, -1.643622251748859 52.46685212216841, -1.6438460567489983 52.4668322321684, -1.6440110267490948 52.46683022016842, -1.6439381727490987 52.46673785316831, -1.64422033674927 52.46672256716832, -1.6444301477494039 52.4666961791683, -1.6446385657495346 52.46667772216829))","POLYGON ((424435.2971718833 285508.3651299024, 424458.00606174284 285392.56003359106, 424491.26005467284 285263.794891776, 424470.5495146124 285244.5343474674, 424405.1391299003 285166.7988969862, 424343.37487943773 285033.54527080717, 424312.54286153195 285127.6354700689, 424307.25447999017 285127.1751842299, 424181.13013576146 285434.9471241522, 424172.4242830862 285447.08060116734, 424334.40133538924 285484.501270064, 424435.2971718833 285508.3651299024))"
15_Acre_MW-23,https://data.agrimetrics.co.uk/fields/tEbrWzbMZEjXGabzLZQpAQ,"POLYGON ((-1.6431775537481619 52.46773682616918, -1.6433371677482258 52.467794619169204, -1.643457952748254 52.467875893169285, -1.6434513437481846 52.46801072316939, -1.6434551217480786 52.46822649516957, -1.64347556874799 52.46842883216974, -1.643540283747934 52.46861781716991, -1.6435112967478696 52.468713624170014, -1.6435161897477957 52.46886721817012, -1.6436702617478554 52.468928364170175, -1.6437382297478345 52.46904844017028, -1.643769368747806 52.46914262517036, -1.6439997247479383 52.469145116170374, -1.6442205497480678 52.46914308317037, -1.6443858587481452 52.46917998917041, -1.644639564748279 52.46920772117044, -1.644854630748389 52.46923533617046, -1.6450590367485178 52.46921572217043, -1.6453571207486906 52.46921661517047, -1.645521057748749 52.46929045117053, -1.6457210677488776 52.46926490217051, -1.6463276297491878 52.46934762617059, -1.6465148267492662 52.46940886817066, -1.6467244567493784 52.46942635017067, -1.6469508077495116 52.469423654170654, -1.6470158197495877 52.4693474321706, -1.647194859749726 52.469278293170554, -1.6472565677498223 52.469154865170445, -1.6471576377497925 52.46910063017039, -1.6470713107498656 52.46885089917019, -1.6470056627498648 52.46877653617013, -1.6470063097499053 52.46869562817004, -1.6469191217499255 52.46855377516993, -1.646831286749904 52.46849283016988, -1.6467384447499127 52.468367817169764, -1.646734785750026 52.468135189169566, -1.6466031887500043 52.46802466916947, -1.6465633927500243 52.4679391451694, -1.6464388147499858 52.46787134816934, -1.6463406977500061 52.4677159771692, -1.6462866057500427 52.467577593169096, -1.6462768357501165 52.46741911516896, -1.64611140175003 52.46739839316895, -1.645980654750062 52.46718224216875, -1.6459262407500792 52.46708431316866, -1.6458717007500883 52.46700211516858, -1.6458173317501084 52.46689856816849, -1.645754123750122 52.4667958921684, -1.645638244750081 52.46674520116838, -1.6454758977499602 52.46679865516842, -1.6453433877498815 52.466802753168416, -1.6453112437499227 52.46668129216831, -1.645042379749752 52.46670970416832, -1.6449026727496794 52.466693552168316, -1.6447701977496028 52.466693155168315, -1.6446385657495346 52.46667772216829, -1.6444301477494039 52.4666961791683, -1.64422033674927 52.46672256716832, -1.644239214749229 52.466826411168405, -1.6440110267490948 52.46683022016842, -1.6438460567489983 52.4668322321684, -1.643622251748859 52.46685212216841, -1.6434543707487115 52.4669521571685, -1.643338169748627 52.46698720616853, -1.6432656627485391 52.46707969716861, -1.6431624657484203 52.46719732816868, -1.6431952777483785 52.4673195181688, -1.6432961127483923 52.467410172168876, -1.6431940377482912 52.46749399016895, -1.6431775537481619 52.46773682616918))","POLYGON ((424321.6975600569 285687.1288995812, 424331.88418333855 285652.761974728, 424344.97483231896 285487.00200292986, 424334.40133538924 285484.501270064, 424172.4242830862 285447.08060116734, 424169.5797222403 285451.04512443073, 424172.612937272 285451.73310546164, 424068.40393733524 285718.77666061587, 424321.59698797937 285686.36516443815, 424321.6975600569 285687.1288995812))"
Rifle_Range-24,https://data.agrimetrics.co.uk/fields/JA7_boUEFI6jOvMAYeSAiA,"POLYGON ((-1.6398798387461517 52.46793435316924, -1.6401234867463008 52.46791974416925, -1.64038822274644 52.46794751816927, -1.6407084327466277 52.46794174816927, -1.640830364746729 52.46788143516924, -1.640787247746767 52.46775319716911, -1.6406997527467664 52.46765179316903, -1.6407230387468537 52.4675035291689, -1.6409552567470125 52.46745703616887, -1.6408843667470236 52.46735006416877, -1.6403268167466987 52.46735399016878, -1.6401712717465486 52.46747488316887, -1.6400167707464632 52.467467671168855, -1.6397794997463302 52.467456835168846, -1.6393878377461186 52.46742530216881, -1.6392878737460255 52.46749916516888, -1.6386476247456585 52.467490470168855, -1.6384709347455528 52.46749667316883, -1.6383162127454531 52.46751642816886, -1.638158178745342 52.46755543716889, -1.6383811257454104 52.46767844616898, -1.638535406745482 52.46771263016903, -1.6387164117455522 52.467783736169096, -1.638379966745339 52.46782003616913, -1.6387992587455675 52.46784828616916, -1.6391191927457396 52.46787623216919, -1.639284899745843 52.46786325116919, -1.639506012745938 52.46792744216924, -1.6398798387461517 52.46793435316924))","POLYGON ((424344.97483231896 285487.00200292986, 424331.88418333855 285652.761974728, 424321.6975600569 285687.1288995812, 424326.4749548859 285723.4082887854, 424804.15701388 285665.2110839716, 424791.0258410814 285592.78840354644, 424752.28646457306 285580.81470935454, 424723.375514908 285509.769063878, 424715.4952403795 285516.68606365053, 424686.68286542216 285543.46567932295, 424566.9291497468 285539.5021617954, 424344.97483231896 285487.00200292986))"
Rifle_Range-24,https://data.agrimetrics.co.uk/fields/PPOr5pY-XGh4UXoDC6FnRg,"POLYGON ((-1.639506012745938 52.46792744216924, -1.6390192827456478 52.46794335216925, -1.6386993487454766 52.467915406169205, -1.6385560517454076 52.46788799916919, -1.6384124227453178 52.467901045169185, -1.638282695745257 52.46787180916916, -1.6381577227451853 52.46787090216917, -1.6379823117450956 52.46784579016915, -1.6377506977449758 52.46781811216911, -1.6374089897448099 52.46775301216904, -1.6372765397447355 52.467749235169045, -1.6371440617446587 52.467748829169025, -1.6369893277445582 52.467769931169045, -1.636776642744426 52.467789843169044, -1.6365949667442934 52.4678426641691, -1.636513184744196 52.46794242716919, -1.6364214517439377 52.46835681016954, -1.6369066277441833 52.46842909516961, -1.6371252517443113 52.46842572016961, -1.637248588744364 52.468463856169635, -1.6379109867447463 52.46846588416965, -1.6380874057448354 52.46849339316969, -1.6384849547450715 52.46848112316967, -1.638617213745135 52.46850849716971, -1.6390474697453652 52.468546893169744, -1.6391687167454234 52.4685708621698, -1.639831006745799 52.468586363169784, -1.6401179917459623 52.4685939791698, -1.6407247257462847 52.46865313316988, -1.6409785637464251 52.4686640171699, -1.6416621147467645 52.468780710170016, -1.6419707437469127 52.46884232717007, -1.6421615957469913 52.46890583417012, -1.6423011817470572 52.468937721170164, -1.6430073107474383 52.468993792170224, -1.6432168557475468 52.469021394170255, -1.6433386597476398 52.46897681117021, -1.6433613567476895 52.46890046417014, -1.6433410737477885 52.46867790016996, -1.6432067777479393 52.468219004169576, -1.6431137567479346 52.46811758616948, -1.6429937347479528 52.46794191916933, -1.6429616237479958 52.46781708616921, -1.6431775537481619 52.46773682616918, -1.6431940377482912 52.46749399016895, -1.6431952777483785 52.4673195181688, -1.6431624657484203 52.46719732816868, -1.6430452697484352 52.46702958716855, -1.642824877748333 52.466979477168515, -1.642669959748221 52.467023960168525, -1.6424716287481298 52.46697616416851, -1.642233676747956 52.46704961216855, -1.642091461747851 52.46709428816858, -1.641962221747738 52.46717015716865, -1.6419834807477007 52.46727135916874, -1.6420044127476419 52.46741301516884, -1.6421010527476279 52.46755393716899, -1.6422233497476548 52.467642923169066, -1.642156455747576 52.46772363116911, -1.6420018987474863 52.467723163169126, -1.641854008747358 52.4678081211692, -1.6416591177472555 52.46778955216919, -1.6414357637471042 52.467832027169194, -1.6413319647469746 52.46797060916931, -1.6411830447468962 52.46795570916931, -1.6409841827467726 52.4679729261693, -1.6405531617464943 52.468028929169336, -1.6402222957463235 52.46798746916931, -1.6398798387461517 52.46793435316924, -1.639506012745938 52.46792744216924))","POLYGON ((424344.97483231896 285487.00200292986, 424331.88418333855 285652.761974728, 424321.6975600569 285687.1288995812, 424326.4749548859 285723.4082887854, 424804.15701388 285665.2110839716, 424791.0258410814 285592.78840354644, 424752.28646457306 285580.81470935454, 424723.375514908 285509.769063878, 424715.4952403795 285516.68606365053, 424686.68286542216 285543.46567932295, 424566.9291497468 285539.5021617954, 424344.97483231896 285487.00200292986))"
12_Acre-25,https://data.agrimetrics.co.uk/fields/hiD8OVgR8-v8Cx8A01DYyw,"POLYGON ((-1.6387409307463503 52.46620630516775, -1.6385469957461927 52.46629673716785, -1.6384581287461082 52.46636389116789, -1.6384023247460384 52.46643788816796, -1.6383350387459366 52.46656579016805, -1.638169539745798 52.46665071816814, -1.6380737587456726 52.46679086616823, -1.6380233347455988 52.46688173616831, -1.6379479637455232 52.46694529016836, -1.6380333247455408 52.46700987416843, -1.6379882407454593 52.467122674168536, -1.6380148307454125 52.46724580616862, -1.6382907117455656 52.46726013416865, -1.6384513947456956 52.46718645716859, -1.639731993746435 52.4671903611686, -1.6404170007468646 52.467125019168606, -1.6406934307470515 52.467071918168564, -1.6408371647471476 52.467045384168536, -1.641102334747314 52.46701921816848, -1.6413677237474957 52.466966082168476, -1.64154457574761 52.46693964816845, -1.6415678597476975 52.46679138316831, -1.6416459567477935 52.46669048116824, -1.6416413127478438 52.46658258716813, -1.6416372697479313 52.46640052716799, -1.6415499397479416 52.46627889716789, -1.641485071747988 52.46611013816774, -1.6414038327481038 52.46578220516745, -1.641348944748136 52.46565348216734, -1.6412353287480983 52.465596950167296, -1.6412584107481738 52.46547340716719, -1.6412267537482446 52.46529351016704, -1.641161066748239 52.465225886167, -1.6411218317482923 52.46507293716687, -1.6410313917483355 52.46488162516669, -1.6408989227482589 52.46488122316668, -1.6408406977481755 52.46498218416677, -1.640412380747927 52.464980884166735, -1.6402960857478364 52.4650277281668, -1.640087834747695 52.46506979816683, -1.6399558217475905 52.465126146166874, -1.639747944747415 52.46523507916695, -1.6396152547473264 52.46526164616696, -1.6395264457472452 52.465322058167025, -1.6394816837471817 52.4653960891671, -1.6395915257472118 52.465463849167136, -1.6396266047471835 52.46556172216723, -1.639589984747117 52.46565263516731, -1.6394952057470045 52.46576809316742, -1.6396768687470804 52.46582820516747, -1.6396995707471314 52.465751859167376, -1.639958867747287 52.465742058167386, -1.640095702747282 52.46591038916754, -1.640061540747199 52.466038393167636, -1.6399725117471038 52.466125775167725, -1.6397841817469538 52.46620611216779, -1.6395746897468488 52.46617401016775, -1.639357600746725 52.46617110116776, -1.639238364746678 52.466126911167706, -1.6390560217465608 52.466149954167726, -1.6387409307463503 52.46620630516775))","POLYGON ((424491.26005467284 285263.794891776, 424458.00606174284 285392.56003359106, 424435.2971718833 285508.3651299024, 424566.9291497468 285539.5021617954, 424686.68286542216 285543.46567932295, 424715.4952403795 285516.68606365053, 424723.375514908 285509.769063878, 424717.29180158954 285494.81926114677, 424652.23354306264 285348.09149291815, 424628.60748583364 285349.65625696734, 424591.2507075107 285398.2710078112, 424574.42305331666 285389.7731680202, 424621.94359996927 285332.79488169693, 424492.3803712337 285264.8367790649, 424491.26005467284 285263.794891776))"
Daniels-26,https://data.agrimetrics.co.uk/fields/97H1TeAS1AqLgSv1-ZKK2Q,"POLYGON ((-1.6440690777468103 52.47149846217236, -1.6442122277468696 52.47154608917241, -1.6445542737470547 52.47157408717244, -1.644775630747216 52.471507326172386, -1.645052443747425 52.47140926617231, -1.6453287507476029 52.4713741341723, -1.6454624307477537 52.471226199172165, -1.6455512967478392 52.471159040172104, -1.6456147447479297 52.471049102172, -1.6457848817480814 52.47094397917192, -1.6459725717481897 52.47094454017194, -1.6462848727483963 52.470893747171885, -1.6462172687483945 52.470817145171814, -1.6464485997485439 52.470785828171806, -1.6465599357486667 52.47066985217171, -1.6466598947487616 52.47059598317166, -1.6466831627488476 52.470447717171545, -1.6466442277489217 52.47025431617137, -1.6464755527488615 52.4701773971713, -1.6460497607486388 52.47013027617124, -1.6457252377484546 52.47012121417122, -1.6454049587482633 52.470133740171256, -1.645217352748159 52.470123064171226, -1.6450316387480548 52.470117046171204, -1.644809481747962 52.47004430217115, -1.6444335527477587 52.470015148171115, -1.644279686747674 52.47000484617111, -1.6439267417474808 52.469980968171086, -1.6434193217472148 52.469925501171026, -1.642933219746914 52.46996449117105, -1.6429747637467773 52.470288257171305, -1.643017617746721 52.47045020617144, -1.643001997746431 52.471016530171916, -1.6429433047461826 52.471447874172284, -1.6433624897464028 52.47149408817234, -1.6434950147464817 52.47148999217233, -1.6439366437467369 52.47149132117236, -1.6440690777468103 52.47149846217236))","POLYGON ((424020.8925672586 285850.69897892297, 424053.3476026765 285884.55796335096, 424101.01485987357 285904.54622642585, 424103.23687402473 285926.6367040429, 424166.0593423531 285944.3753791853, 424175.2137839188 285978.1204132355, 424246.1213855158 286009.8443643319, 424309.0625866052 286003.1818675607, 424347.4770136092 286009.18171851354, 424376.66374299966 285996.543201676, 424369.9382560264 285943.05459235166, 424369.06043879176 285884.94593888795, 424375.22994646744 285815.25034951564, 424375.22994646744 285815.25034951564, 424020.8925672586 285850.69897892297))"
Over_MW-27,https://data.agrimetrics.co.uk/fields/6u4dKOEAmVsIsP5UWojH1Q,"POLYGON ((-1.6367761962554013 52.472033399272746, -1.6368487576113266 52.47232834816706, -1.6370280463624947 52.472366656038375, -1.6372163085389573 52.47238791010457, -1.637304082233007 52.47245560414859, -1.637590815244199 52.47249693727569, -1.6380103723108754 52.472498220825145, -1.638210049133126 52.47238420847755, -1.6383797302334744 52.472337529292965, -1.6385750627450673 52.472304413198565, -1.6386638867943388 52.47224400171885, -1.6389300266460103 52.47210322093483, -1.6390300560392461 52.47202261581686, -1.6391520840850078 52.471952191433004, -1.6393617774506435 52.471962944136884, -1.6394802713407752 52.47187452861738, -1.6396230533739233 52.47174123683186, -1.6395964971022705 52.471613048263656, -1.6394872731851662 52.47146775170584, -1.6393519763088116 52.471360583192784, -1.6393342177092145 52.47128186644824, -1.6392353841996983 52.471216387701176, -1.6391147819892604 52.47111263494377, -1.6389713089262663 52.47110545500536, -1.6387837837244088 52.47108465547095, -1.6384862180883695 52.47101037280937, -1.6383323608424465 52.4709315707612, -1.638259576334252 52.47083133444626, -1.6382901593405057 52.47069208261045, -1.6384226456327526 52.47069248730973, -1.6384690712158496 52.470416186030285, -1.6384482049170903 52.47026778700397, -1.6384048714839963 52.470166516950435, -1.638405534072212 52.47008560880473, -1.6383624770236236 52.46995062700479, -1.6381972034269923 52.46990966695497, -1.6378992251552098 52.4698952709236, -1.6377008312572265 52.46985420887477, -1.6373259036393992 52.4697991208038, -1.6371716164646566 52.469764935488165, -1.636973279268938 52.46971712987565, -1.6368076750914715 52.46971662195605, -1.6364656485187008 52.46968860214286, -1.6363818855716326 52.46958158841703, -1.6361354405103647 52.4695662224527, -1.6359601564046609 52.4695346680246, -1.6358889842477906 52.46946297849077, -1.6357453653411433 52.46943595192247, -1.6355958598775064 52.4693959999596, -1.6354437834998783 52.469361819189615, -1.6353054502719822 52.46935689812757, -1.6351806624010718 52.46931605856153, -1.635070893325145 52.469461808091346, -1.6349856950417765 52.46975147360122, -1.6350363618481263 52.469855015036785, -1.6350501534647601 52.469967432802015, -1.6351371390213039 52.47012952126933, -1.6352470972319755 52.47018380021363, -1.6353126713314887 52.47026491240101, -1.6353778002414063 52.47039996329482, -1.6354987442224278 52.47046101834966, -1.6356193546852005 52.47056252733836, -1.6357175509093678 52.47070442232007, -1.6357500606333228 52.47077868999976, -1.635821101207167 52.47086656122706, -1.6359469558473019 52.47100179857186, -1.6360346692621104 52.47107623590762, -1.6360778314136124 52.47119773383293, -1.636165156515515 52.471319367467565, -1.6363059083893639 52.47165692558419, -1.6364046089655053 52.47173813889922, -1.6364924911459777 52.47179234886405, -1.6366025661536807 52.47183314185949, -1.636734390154291 52.4719144565615, -1.6367761962554013 52.472033399272746), (-1.6369053256088868 52.47126769970168, -1.6366664440735605 52.47122651175579, -1.6366085594383142 52.47110496885939, -1.636723714792036 52.47106486718263, -1.6367217088686665 52.47095770692951, -1.636852673210661 52.47095738259915, -1.636896059294353 52.47105191085926, -1.637094790324039 52.47105252019729, -1.6372487495705037 52.471127159674644, -1.6372475862832057 52.471268748885706, -1.6370599226548288 52.47126480247775, -1.6369053256088868 52.47126769970168))","POLYGON ((424562.846464807 286039.3013953457, 424646.38484701957 286107.11714075686, 424691.71773773915 286127.09862887376, 424752.3340890791 286119.2683053202, 424796.7820550146 286083.4683055756, 424796.87556276366 286064.8759778413, 424813.30152542115 286041.71752083395, 424830.78138944384 286040.64346472727, 424847.59409851406 285940.7901735427, 424861.5677362539 285942.0226949164, 424899.3334567702 285845.7595789356, 424927.3164932225 285841.25255143706, 424941.44323169865 285812.27127562795, 424990.74381888076 285739.3072992651, 424911.5586343357 285731.93382075167, 424829.86764798843 285759.4128401547, 424822.80158883665 285774.4848538347, 424800.6666350469 285774.3734724946, 424611.710811694 285818.74920323375, 424652.357535956 285844.5185930784, 424626.35651606077 285918.76273065316, 424582.99216878304 285970.8399315496, 424562.846464807 286039.3013953457))"
